Date,Impr.
dim. 3 août 2025,21 027
lun. 4 août 2025,26 044
mar. 5 août 2025,22 133
mer. 6 août 2025,23 408
jeu. 7 août 2025,24 311
ven. 8 août 2025,26 390
sam. 9 août 2025,27 193
dim. 10 août 2025,23 991
lun. 11 août 2025,28 218
mar. 12 août 2025,21 084
mer. 13 août 2025,27 597
jeu. 14 août 2025,25 291
ven. 15 août 2025,19 115
sam. 16 août 2025,13 522
dim. 17 août 2025,15 703
lun. 18 août 2025,18 838
mar. 19 août 2025,22 346
mer. 20 août 2025,26 983
jeu. 21 août 2025,27 359
ven. 22 août 2025,15 404
sam. 23 août 2025,9 265
dim. 24 août 2025,12 551
lun. 25 août 2025,15 225
mar. 26 août 2025,13 527
mer. 27 août 2025,13 157
jeu. 28 août 2025,21 863
ven. 29 août 2025,17 081
sam. 30 août 2025,36 867
dim. 31 août 2025,42 345
lun. 1 sept. 2025,18 544
mar. 2 sept. 2025,26 150
mer. 3 sept. 2025,28 939
jeu. 4 sept. 2025,29 422
ven. 5 sept. 2025,24 310
sam. 6 sept. 2025,17 454
dim. 7 sept. 2025,15 107
lun. 8 sept. 2025,19 457
mar. 9 sept. 2025,20 175
mer. 10 sept. 2025,23 960
jeu. 11 sept. 2025,34 935
ven. 12 sept. 2025,31 713
sam. 13 sept. 2025,24 542
dim. 14 sept. 2025,19 662
lun. 15 sept. 2025,35 086
mar. 16 sept. 2025,30 766
mer. 17 sept. 2025,26 812
jeu. 18 sept. 2025,24 212
ven. 19 sept. 2025,17 744
sam. 20 sept. 2025,20 203
dim. 21 sept. 2025,23 275
lun. 22 sept. 2025,22 645
mar. 23 sept. 2025,17 259
mer. 24 sept. 2025,21 890
jeu. 25 sept. 2025,19 465
ven. 26 sept. 2025,20 300
sam. 27 sept. 2025,17 469
dim. 28 sept. 2025,19 047
lun. 29 sept. 2025,23 184
mar. 30 sept. 2025,19 234
mer. 1 oct. 2025,21 172
jeu. 2 oct. 2025,27 276
ven. 3 oct. 2025,23 158
sam. 4 oct. 2025,19 451
dim. 5 oct. 2025,23 414
lun. 6 oct. 2025,22 534
mar. 7 oct. 2025,26 509
mer. 8 oct. 2025,25 488
jeu. 9 oct. 2025,23 534
ven. 10 oct. 2025,21 614
sam. 11 oct. 2025,21 751
dim. 12 oct. 2025,22 273
lun. 13 oct. 2025,20 726
mar. 14 oct. 2025,26 064
mer. 15 oct. 2025,24 896
jeu. 16 oct. 2025,21 190
ven. 17 oct. 2025,18 224
sam. 18 oct. 2025,18 563
dim. 19 oct. 2025,20 359
lun. 20 oct. 2025,22 562
mar. 21 oct. 2025,23 181
mer. 22 oct. 2025,19 156
jeu. 23 oct. 2025,21 285
ven. 24 oct. 2025,21 134
sam. 25 oct. 2025,16 825
dim. 26 oct. 2025,20 359
lun. 27 oct. 2025,22 977
mar. 28 oct. 2025,20 625
mer. 29 oct. 2025,26 165
jeu. 30 oct. 2025,18 999
ven. 31 oct. 2025,12 386
sam. 1 nov. 2025,15 436
dim. 2 nov. 2025,20 916
lun. 3 nov. 2025,33 686
mar. 4 nov. 2025,47 244
mer. 5 nov. 2025,34 457
jeu. 6 nov. 2025,40 875
ven. 7 nov. 2025,28 800
sam. 8 nov. 2025,30 912
dim. 9 nov. 2025,30 959
lun. 10 nov. 2025,43 496
mar. 11 nov. 2025,38 359
mer. 12 nov. 2025,39 629
jeu. 13 nov. 2025,34 653
ven. 14 nov. 2025,33 945
sam. 15 nov. 2025,23 264
dim. 16 nov. 2025,8 064
lun. 17 nov. 2025,43 684
mar. 18 nov. 2025,38 276
mer. 19 nov. 2025,38 301
jeu. 20 nov. 2025,31 709
ven. 21 nov. 2025,32 040
sam. 22 nov. 2025,21 529
dim. 23 nov. 2025,28 608
lun. 24 nov. 2025,25 679
mar. 25 nov. 2025,24 851
mer. 26 nov. 2025,22 171
jeu. 27 nov. 2025,13 593
ven. 28 nov. 2025,12 405
sam. 29 nov. 2025,8 878
dim. 30 nov. 2025,11 199
lun. 1 déc. 2025,6 609
mar. 2 déc. 2025,5 292
mer. 3 déc. 2025,5 140
jeu. 4 déc. 2025,5 603
ven. 5 déc. 2025,4 027
sam. 6 déc. 2025,4 878
dim. 7 déc. 2025,4 711
lun. 8 déc. 2025,4 082
mar. 9 déc. 2025,5 079
mer. 10 déc. 2025,9 621
jeu. 11 déc. 2025,9 822
ven. 12 déc. 2025,9 552
sam. 13 déc. 2025,10 503
dim. 14 déc. 2025,10 149
lun. 15 déc. 2025,10 966
mar. 16 déc. 2025,9 818
mer. 17 déc. 2025,9 578
jeu. 18 déc. 2025,9 289
ven. 19 déc. 2025,7 792
sam. 20 déc. 2025,10 637
dim. 21 déc. 2025,8 247
lun. 22 déc. 2025,7 672
mar. 23 déc. 2025,9 513
mer. 24 déc. 2025,8 337
jeu. 25 déc. 2025,7 591
ven. 26 déc. 2025,9 707
sam. 27 déc. 2025,10 038
dim. 28 déc. 2025,10 222
lun. 29 déc. 2025,9 653
mar. 30 déc. 2025,7 866
mer. 31 déc. 2025,7 679
jeu. 1 janv. 2026,9 525
ven. 2 janv. 2026,9 168
sam. 3 janv. 2026,9 301
dim. 4 janv. 2026,11 206
lun. 5 janv. 2026,8 325
mar. 6 janv. 2026,8 891
mer. 7 janv. 2026,9 203
jeu. 8 janv. 2026,7 251
ven. 9 janv. 2026,6 291
sam. 10 janv. 2026,10 130
dim. 11 janv. 2026,9 679
lun. 12 janv. 2026,6 814
mar. 13 janv. 2026,5 617
mer. 14 janv. 2026,6 219
jeu. 15 janv. 2026,5 740
ven. 16 janv. 2026,15 979
sam. 17 janv. 2026,5 567
dim. 18 janv. 2026,6 245
lun. 19 janv. 2026,7 925
mar. 20 janv. 2026,8 914
mer. 21 janv. 2026,10 362
jeu. 22 janv. 2026,15 870
ven. 23 janv. 2026,14 930
sam. 24 janv. 2026,12 697
dim. 25 janv. 2026,35 429
lun. 26 janv. 2026,18 437
mar. 27 janv. 2026,14 695
mer. 28 janv. 2026,14 591
jeu. 29 janv. 2026,20 028
