Rechercher,Coût,Clics,Impressions,Conversions
locinox,"450,95 €",491,58 185,"0,00"
serrure locinox,"310,87 €",484,31 105,"0,00"
locinox serrure,"227,88 €",312,18 509,"0,00"
serrure portail,"44,38 €",211,17 517,"0,00"
portail coulissant sectionnel,"24,29 €",534,15 042,"0,00"
serrure portillon,"48,77 €",208,12 374,"0,00"
gache electrique portillon,"41,40 €",139,12 183,"0,00"
butée de portail,"22,61 €",119,10 480,"0,00"
portail sectionnel coulissant,"17,51 €",351,9 563,"0,00"
gond portail,"32,03 €",96,8 901,"0,00"
gache electrique,"21,51 €",53,8 534,"0,00"
serrure portail coulissant,"38,45 €",125,8 508,"0,00"
gache portillon,"22,95 €",97,7 929,"0,00"
guide portail coulissant,"26,94 €",173,7 808,"0,00"
volute fer forgé,"58,57 €",130,7 378,"0,00"
pivot portail,"23,71 €",94,7 358,"0,00"
butée portail,"15,06 €",80,7 039,"0,00"
gache locinox,"72,62 €",140,6 872,"0,00"
volute,"12,43 €",35,6 258,"0,00"
ferme porte locinox,"41,99 €",61,5 729,"0,00"
serrure locinox portail,"43,11 €",86,5 474,"0,00"
serrure locinox portillon,"71,05 €",107,5 473,"0,00"
locinox portail,"62,18 €",101,5 355,"0,00"
serrure portail exterieur,"12,73 €",51,5 043,"0,00"
arret de portail,"16,44 €",85,4 982,"0,00"
sabot portail,"8,98 €",32,4 850,"0,00"
pivot portail lourd,"16,88 €",85,4 735,"0,00"
verrou baïonnette,"7,40 €",39,4 716,"0,00"
roulette portail coulissant,"11,92 €",46,4 570,"0,00"
sabot de portail,"6,02 €",35,4 533,"0,00"
locinox ferme porte,"26,33 €",60,4 348,"0,00"
paumelle à souder,"10,57 €",78,4 269,"0,00"
gond portail lourd,"12,89 €",81,4 163,"0,00"
serrure portail locinox,"39,50 €",77,4 107,"0,00"
charniere portail,"11,83 €",48,4 085,"0,00"
rail portail coulissant,"28,98 €",57,3 826,"0,00"
butée portail coulissant,"16,31 €",84,3 801,"0,00"
gâche électrique portillon,"11,96 €",41,3 485,"0,00"
clé de tirant,"8,91 €",17,3 348,"0,00"
gond a souder,"13,66 €",65,3 313,"0,00"
gache electrique locinox,"51,17 €",111,3 282,"0,00"
serrure de portail,"14,64 €",54,3 271,"0,00"
serrure pour portail extérieur,"6,49 €",44,3 186,"0,00"
butée portail battant,"7,05 €",39,3 162,"0,00"
verrou de sol portail,"5,97 €",39,3 158,"0,00"
pivot de portail,"8,16 €",38,3 113,"0,00"
arrêt portail battant,"11,93 €",64,2 980,"0,00"
portail coulissant angle,"4,31 €",94,2 965,"0,00"
gond de portail,"5,37 €",28,2 869,"0,00"
arret portail,"5,65 €",35,2 850,"0,00"
serrure locinox portail coulissant,"31,98 €",51,2 800,"0,00"
platine acier,"7,47 €",32,2 791,"0,00"
cremaillere portail coulissant,"14,07 €",38,2 726,"0,00"
verrou de sol,"6,42 €",26,2 602,"0,00"
serrure portillon locinox,"20,94 €",43,2 563,"0,00"
serrure portail battant,"6,99 €",29,2 558,"0,00"
gond portillon,"8,43 €",32,2 541,"0,00"
poignée locinox,"30,94 €",39,2 486,"0,00"
serrure pour portillon extérieur,"5,04 €",34,2 466,"0,00"
galet portail coulissant,"12,38 €",31,2 192,"0,00"
roue portail coulissant,"15,09 €",34,2 190,"0,00"
verrou portail,"4,61 €",29,2 177,"0,00"
verrou baïonnette portail,"3,86 €",27,2 173,"0,00"
locinox portillon,"28,23 €",55,2 084,"0,00"
gache de reception portillon,"2,64 €",20,2 072,"0,00"
arretoir portail,"6,09 €",30,2 033,"0,00"
verrou de sol portail battant,"1,39 €",14,2 030,"0,00"
ventouse locinox,"18,25 €",45,2 002,"0,00"
volutes fer forgé,"17,01 €",37,2 002,"0,00"
kit portail autoportant,"7,35 €",34,1 988,"0,00"
crapaudine portail,"4,88 €",19,1 984,"0,00"
fixation portail battant,"4,12 €",22,1 960,"0,00"
guide pour portail coulissant,"4,84 €",51,1 939,"0,00"
gache electrique en applique,"11,45 €",34,1 932,"0,00"
pivot pour portail tube carré 40x40,"6,66 €",28,1 906,"0,00"
portail telescopique,"2,19 €",44,1 900,"0,00"
accessoires portail coulissant,"8,79 €",62,1 880,"0,00"
portail coulissant articulé,"3,64 €",90,1 878,"0,00"
fixation portail,"2,90 €",21,1 852,"0,00"
locinox gache electrique,"14,15 €",43,1 852,"0,00"
bloque portail,"5,21 €",27,1 811,"0,00"
butée de portail coulissant,"5,79 €",37,1 809,"0,00"
ventouse electromagnetique,"4,90 €",11,1 767,"0,00"
pivot portail battant,"14,29 €",48,1 747,"0,00"
ferme portillon locinox,"22,19 €",31,1 722,"0,00"
portail coulissant arrondi,"4,01 €",101,1 678,"0,00"
serrure pour portail coulissant,"10,36 €",37,1 673,"0,00"
rail pour portail coulissant,"5,75 €",42,1 672,"0,00"
verrou de sol locinox,"21,16 €",37,1 659,"0,00"
gache de reception portail coulissant,"2,67 €",24,1 646,"0,00"
verrou locinox,"11,91 €",29,1 634,"0,00"
serrure portillon extérieur,"5,02 €",22,1 627,"0,00"
paumelle a souder,"7,39 €",32,1 625,"0,00"
bandeau ventouse,"9,68 €",15,1 621,"0,00"
gâche portillon extérieur,"1,30 €",16,1 588,"0,00"
ferme portillon,"8,32 €",15,1 587,"0,00"
gond de portail réglable à visser,"3,63 €",19,1 576,"0,00"
serrure de portillon,"5,07 €",24,1 576,"0,00"
gond locinox,"14,57 €",25,1 569,"0,00"
serrure a code locinox,"51,84 €",34,1 568,"0,00"
