Mot,Coût,Clics,Impressions,Conversions,Principales requêtes contenant ce mot
portail,"795,89 €",4 075,231 072,"0,00","(serrure portail, portail coulissant sectionnel, butée de portail)"
locinox,"1 663,80 €",2 462,170 378,"0,00","(locinox, serrure locinox, locinox serrure)"
serrure,"995,10 €",2 033,131 398,"0,00","(serrure locinox, locinox serrure, serrure portail)"
coulissant,"288,08 €",2 062,80 166,"0,00","(portail coulissant sectionnel, portail sectionnel coulissant, serrure portail coulissant)"
portillon,"303,31 €",884,61 270,"0,00","(serrure portillon, gache electrique portillon, gache portillon)"
de,"136,90 €",616,50 724,"0,00","(butée de portail, arret de portail, sabot de portail)"
gache,"240,57 €",661,46 302,"0,00","(gache electrique portillon, gache electrique, gache portillon)"
gache electrique,"139,69 €",380,27 783,"0,00","(gache electrique portillon, gache electrique, gache electrique locinox)"
butée,"66,82 €",359,26 291,"0,00","(butée de portail, butée portail, butée portail coulissant)"
gond,"90,58 €",346,24 932,"0,00","(gond portail, gond portail lourd, gond a souder)"
sectionnel,"41,80 €",885,24 605,"0,00","(portail coulissant sectionnel, portail sectionnel coulissant)"
verrou,"62,72 €",240,20 149,"0,00","(verrou baïonnette, verrou de sol portail, verrou de sol)"
pivot,"69,71 €",293,18 859,"0,00","(pivot portail, pivot portail lourd, pivot de portail)"
portail battant,"45,77 €",216,14 437,"0,00","(butée portail battant, arrêt portail battant, serrure portail battant)"
volute,"71,01 €",165,13 636,"0,00","(volute fer forgé, volute)"
ferme,"98,82 €",167,13 386,"0,00","(ferme porte locinox, locinox ferme porte, ferme portillon locinox)"
pour,"39,14 €",236,12 842,"0,00","(serrure pour portail extérieur, serrure pour portillon extérieur, guide pour portail coulissant)"
ferme porte,"68,31 €",121,10 077,"0,00","(ferme porte locinox, locinox ferme porte)"
guide,"31,78 €",224,9 747,"0,00","(guide portail coulissant, guide pour portail coulissant)"
de sol,"34,94 €",116,9 449,"0,00","(verrou de sol portail, verrou de sol, verrou de sol portail battant)"
sabot,"15,00 €",67,9 383,"0,00","(sabot portail, sabot de portail)"
fer forgé,"75,58 €",167,9 380,"0,00","(volute fer forgé, volutes fer forgé)"
souder,"31,62 €",175,9 207,"0,00","(paumelle à souder, gond a souder, paumelle a souder)"
portail lourd,"29,77 €",166,8 898,"0,00","(pivot portail lourd, gond portail lourd)"
extérieur,"17,85 €",116,8 867,"0,00","(serrure pour portail extérieur, serrure pour portillon extérieur, serrure portillon extérieur)"
arret,"22,09 €",120,7 832,"0,00","(arret de portail, arret portail)"
verrou baïonnette,"11,26 €",66,6 889,"0,00","(verrou baïonnette, verrou baïonnette portail)"
a,"72,89 €",131,6 506,"0,00","(gond a souder, paumelle a souder, serrure a code locinox)"
paumelle,"17,96 €",110,5 894,"0,00","(paumelle à souder, paumelle a souder)"
à,"14,20 €",97,5 845,"0,00","(paumelle à souder, gond de portail réglable à visser)"
rail,"34,73 €",99,5 498,"0,00","(rail portail coulissant, rail pour portail coulissant)"
ventouse,"32,83 €",71,5 390,"0,00","(ventouse locinox, ventouse electromagnetique, bandeau ventouse)"
gâche,"13,26 €",57,5 073,"0,00","(gâche électrique portillon, gâche portillon extérieur)"
exterieur,"12,73 €",51,5 043,"0,00",(serrure portail exterieur)
roulette,"11,92 €",46,4 570,"0,00",(roulette portail coulissant)
charniere,"11,83 €",48,4 085,"0,00",(charniere portail)
fixation portail,"7,02 €",43,3 812,"0,00","(fixation portail battant, fixation portail)"
de reception,"5,31 €",44,3 718,"0,00","(gache de reception portillon, gache de reception portail coulissant)"
électrique,"11,96 €",41,3 485,"0,00",(gâche électrique portillon)
clé,"8,91 €",17,3 348,"0,00",(clé de tirant)
tirant,"8,91 €",17,3 348,"0,00",(clé de tirant)
arrêt,"11,93 €",64,2 980,"0,00",(arrêt portail battant)
angle,"4,31 €",94,2 965,"0,00",(portail coulissant angle)
platine,"7,47 €",32,2 791,"0,00",(platine acier)
acier,"7,47 €",32,2 791,"0,00",(platine acier)
cremaillere,"14,07 €",38,2 726,"0,00",(cremaillere portail coulissant)
poignée,"30,94 €",39,2 486,"0,00",(poignée locinox)
galet,"12,38 €",31,2 192,"0,00",(galet portail coulissant)
roue,"15,09 €",34,2 190,"0,00",(roue portail coulissant)
arretoir,"6,09 €",30,2 033,"0,00",(arretoir portail)
volutes,"17,01 €",37,2 002,"0,00",(volutes fer forgé)
autoportant,"7,35 €",34,1 988,"0,00",(kit portail autoportant)
kit,"7,35 €",34,1 988,"0,00",(kit portail autoportant)
crapaudine,"4,88 €",19,1 984,"0,00",(crapaudine portail)
en,"11,45 €",34,1 932,"0,00",(gache electrique en applique)
applique,"11,45 €",34,1 932,"0,00",(gache electrique en applique)
40x40,"6,66 €",28,1 906,"0,00",(pivot pour portail tube carré 40x40)
carré,"6,66 €",28,1 906,"0,00",(pivot pour portail tube carré 40x40)
tube,"6,66 €",28,1 906,"0,00",(pivot pour portail tube carré 40x40)
telescopique,"2,19 €",44,1 900,"0,00",(portail telescopique)
accessoires,"8,79 €",62,1 880,"0,00",(accessoires portail coulissant)
articulé,"3,64 €",90,1 878,"0,00",(portail coulissant articulé)
bloque,"5,21 €",27,1 811,"0,00",(bloque portail)
electromagnetique,"4,90 €",11,1 767,"0,00",(ventouse electromagnetique)
arrondi,"4,01 €",101,1 678,"0,00",(portail coulissant arrondi)
bandeau,"9,68 €",15,1 621,"0,00",(bandeau ventouse)
réglable,"3,63 €",19,1 576,"0,00",(gond de portail réglable à visser)
visser,"3,63 €",19,1 576,"0,00",(gond de portail réglable à visser)
code,"51,84 €",34,1 568,"0,00",(serrure a code locinox)
