Requêtes les plus fréquentes,Clics,Impressions,CTR,Position
bricometal,2388,3669,65.09%,1.96
portail coulissant sectionnel,502,6448,7.79%,2.56
brico metal,439,1672,26.26%,4.38
portail sectionnel coulissant,277,3919,7.07%,2.78
bricometal shop,248,347,71.47%,1.34
portail sectionnel,185,6859,2.7%,5.21
fap le pradet,180,724,24.86%,1.57
bricométal,142,211,67.3%,1
bricometal le pradet,139,347,40.06%,1.26
portail coulissant sectionnel angle 90 prix,135,836,16.15%,1.64
brico métal,121,229,52.84%,1.67
portail coulissant sectionnel ( angle 90 prix),119,688,17.3%,1.58
portail coulissant sectionnel leroy merlin,98,1445,6.78%,2.58
bricometal catalogue,97,204,47.55%,1.81
portail coulissant sectionnel courbe,85,934,9.1%,3.47
fap trebi,85,488,17.42%,1.93
portail pliant,82,2595,3.16%,4.75
guide portail coulissant,77,8581,0.9%,9.43
rail portail coulissant,72,11394,0.63%,10.37
portail coulissant angle,71,945,7.51%,4.54
bricometal avis,70,263,26.62%,2.21
targette portail,63,3936,1.6%,2.81
charniere portail,62,6740,0.92%,3.14
gond portail lourd,61,5825,1.05%,7.68
kit portail autoportant 4m,60,868,6.91%,4.21
portail coulissant articulé,58,856,6.78%,3.79
portail articulé,55,856,6.43%,6.2
portail coulissant en courbe prix,53,335,15.82%,2.82
serrure portillon,50,8700,0.57%,5.42
serrure locinox,50,3997,1.25%,4.93
rail pour porte coulissante brico dépôt,50,3228,1.55%,6.72
serrure portillon jardin,48,7689,0.62%,6.78
locinox,46,12816,0.36%,7.31
fap portail,43,105,40.95%,1.78
faptrebi,42,224,18.75%,1.82
verrou baïonnette,41,7001,0.59%,6.02
telecommande info,41,680,6.03%,6.72
portail coulissant sectionnel 4m,40,346,11.56%,1.71
portail coulissant courbe,39,549,7.1%,8.6
serrure pour portail extérieur,38,4699,0.81%,10.28
portail coulissant télescopique 3 vantaux,38,315,12.06%,3.31
rail porte coulissante extérieur 3m,37,588,6.29%,2.9
portail sectionnel coulissant prix,37,211,17.54%,3
pivot portail lourd,36,1969,1.83%,4.55
serrure pour tube 40x40,36,296,12.16%,1.83
portail télescopique 3 vantaux,35,524,6.68%,3.57
pic anti intrusion portail,34,708,4.8%,1.3
portail coulissant sectionnel prix,34,349,9.74%,3.09
portail coulissant d'angle,34,329,10.33%,1.4
portail autoportant 4m,33,1854,1.78%,11.94
portail autoportant 6m,33,1139,2.9%,6.51
kit portail autoportant,33,628,5.25%,4.92
portail coulissant 90 degrés,33,320,10.31%,5.55
serrure pour portillon extérieur,32,2113,1.51%,5.45
rail portail coulissant 3m,32,1026,3.12%,3.32
crémaillère portail coulissant brico dépôt,32,689,4.64%,6.78
verrou baïonnette portail,31,1373,2.26%,4.32
portail portefeuille,31,477,6.5%,8.55
portail coulissant a angle,31,261,11.88%,3.04
pivot portail,30,3350,0.9%,4.18
portail télescopique 2 vantaux,30,512,5.86%,6.28
clé de tirant brico dépôt,30,473,6.34%,5.04
portail coulissant sectionnel angle 90,30,225,13.33%,4.68
portail coulissant sectionnel motorisé,30,210,14.29%,3.46
rail portail autoportant,29,620,4.68%,6.44
portail d'angle coulissant,29,318,9.12%,2.12
portail coulissant sectionnel angle droit,29,318,9.12%,5.14
portail exterieur sectionnel,28,140,20%,1.63
guide portail coulissant brico dépôt,27,790,3.42%,5.55
cardin s500,27,429,6.29%,3.38
prix portail coulissant sectionnel,27,177,15.25%,3.66
code promo bricometal,27,177,15.25%,3.86
locinox serrure,26,2929,0.89%,4.7
portail coulissant arrondi,26,991,2.62%,5.44
portail coulissant sectionnelle,26,949,2.74%,3.57
rail porte coulissante extérieure lourde 6m,26,767,3.39%,4.41
kit portail autoportant 6m,26,581,4.48%,4.91
charniere portail en pente,26,483,5.38%,2.55
portail coulissant angle 90,26,289,9%,3.78
pivot pour portail tube carré 40x40,25,1299,1.92%,4.8
portail accordéon 4 vantaux prix,25,633,3.95%,8
rail porte coulissante exterieur 3m,25,542,4.61%,2.51
portail coulissant télescopique 3 vantaux prix,25,166,15.06%,3.88
portail coulissant sectionnel 3m,24,182,13.19%,1.4
kit portail télescopique 2 vantaux,24,162,14.81%,1.72
kit portail telescopique,24,143,16.78%,1.72
portail accordéon prix,23,566,4.06%,2.94
accessoire portail coulissant brico dépôt,23,500,4.6%,8.38
gond régulateur de pente brico dépôt,23,316,7.28%,3.64
télécommande cardin s500,23,309,7.44%,2.82
portail articulé coulissant,23,307,7.49%,3.96
embout tube carré 30x30 brico dépôt,23,265,8.68%,1.73
portail coulissant en courbe,23,261,8.81%,7.52
fap bricometal,23,33,69.7%,1.09
guide pour portail coulissant,22,1952,1.13%,6.6
serrure portillon extérieur,22,1559,1.41%,4.52
portail coulissant télescopique 2 vantaux prix,22,686,3.21%,5.62
portail coulissant tournant,22,462,4.76%,4.25
bouchon tube carré 40x40 brico dépôt,22,384,5.73%,1.89
portail coulissant sur le côté,22,289,7.61%,2.15
rail porte coulissante suspendue,21,5554,0.38%,12.6
pivot de portail,21,1594,1.32%,8.64
guidage portail coulissant,21,1008,2.08%,5.69
verrou baïonnette long,21,668,3.14%,2.79
pivot remonte pente pour portail battant,21,626,3.35%,8.64
kit portail autoportant 5m,21,576,3.65%,6.78
portail d'angle,21,190,11.05%,1.3
guide porte coulissante,20,14954,0.13%,4.93
kit portail coulissant,20,4044,0.49%,4.91
portail coulissant télescopique 2 vantaux,20,1151,1.74%,8.07
rail porte coulissante 3m,20,956,2.09%,4.93
portail accordéon,20,814,2.46%,13.26
portail coulissant 3 vantaux,20,300,6.67%,5.16
portail telescopique 6m,20,144,13.89%,3.21
serrure portail exterieur,19,5255,0.36%,14.39
clé de tirant,19,2635,0.72%,7.96
loquet à ressort,19,2339,0.81%,4.85
volute fer forgé brico dépôt,19,830,2.29%,7.63
butée fin de course portail coulissant,19,807,2.35%,5.22
portail pliant accordéon,19,477,3.98%,9.61
portail sectionnelle coulissant,19,217,8.76%,4.4
paumelle porte,18,33650,0.05%,4.95
crémaillère portail coulissant,18,3446,0.52%,9.51
fin de course portail coulissant,18,2937,0.61%,6.12
rail pour portail coulissant,18,2647,0.68%,11.65
charnière portail,18,2189,0.82%,3.55
charnière pour portail lourd,18,1286,1.4%,8.57
gond pour portail lourd,18,619,2.91%,6.92
portail coulissant en angle,18,381,4.72%,4.95
portail angle,18,222,8.11%,1.29
rail porte coulissante industrielle,17,2662,0.64%,9.2
ferme porte locinox,17,919,1.85%,4.35
portail pliant 4 vantaux,17,556,3.06%,11.47
fer forgé pièces détachées,17,463,3.67%,6.48
plaque de guidage portail coulissant,17,439,3.87%,5.24
fac portail,17,410,4.15%,4.45
chariot portail autoportant,17,266,6.39%,3.08
portail autoportant 10m,17,265,6.42%,7.94
rail portail coulissant suspendu brico dépôt,17,212,8.02%,3.06
portail coulissant à angle,17,124,13.71%,2.86
portail en pente solution,16,1152,1.39%,14.49
guide de portail coulissant,16,1023,1.56%,7
serrure locinox portillon,16,850,1.88%,5
kit serrure portillon,16,820,1.95%,6.08
gache de reception portail coulissant,16,595,2.69%,9.45
cle de tirant,16,593,2.7%,8.44
portail pliant coulissant,16,408,3.92%,7.13
kit rail porte coulissante 3m,16,400,4%,3.65
portail coulissant angle droit,16,392,4.08%,12.27
rail pour portail autoportant,16,260,6.15%,6.71
portail télescopique 2 vantaux prix,16,250,6.4%,3.23
portail coulissant autoportant 4 m prix,16,249,6.43%,5.31
elettrocanali france,16,143,11.19%,4.39
serrure portail,15,6885,0.22%,16.18
gond portail,15,4651,0.32%,16.28
fixation portail,15,3944,0.38%,5.42
poulie à gorge,15,1818,0.83%,4.08
chariot porte coulissante,15,1234,1.22%,4.49
gache locinox,15,728,2.06%,4.95
portail coulissant pliant,15,386,3.89%,2.88
gond remonte pente portail,15,310,4.84%,6.49
télécommande info,15,245,6.12%,12.45
portail coulissant articulé motorisé,15,240,6.25%,3.73
kit portail coulissant autoportant,15,187,8.02%,4.35
serrure encastrable pour portail métallique,15,179,8.38%,2.99
portail qui s'enroule,15,169,8.88%,2.08
portail exterieur coulissant sectionnel,15,165,9.09%,10.75
roulette portail coulissant,14,6514,0.21%,5.55
rail portail coulissant brico dépôt,14,1233,1.14%,8.05
charnière portail lourd,14,954,1.47%,8.43
olive de guidage portail coulissant,14,782,1.79%,5.85
pro2s,14,744,1.88%,5.61
rail porte coulissante 300 cm,14,642,2.18%,4.92
groom portillon extérieur,14,560,2.5%,3.6
rail double porte coulissante 3m,14,547,2.56%,6.59
platine acier 200x200,14,508,2.76%,6.2
rail pour portail coulissant suspendu,14,399,3.51%,4.84
portail autoportant 4m prix,14,328,4.27%,4.3
poulie nylon,14,258,5.43%,4.08
portail tournant,14,231,6.06%,2.09
portail sectionnel lateral,14,212,6.6%,8.67
portail coulissant sectionnel 90°,14,173,8.09%,2.03
serrure pour portillon,13,1618,0.8%,7.33
portail telescopique,13,1536,0.85%,13.04
roue pour portail coulissant lourd,13,1293,1.01%,5.61
portail coulissant telescopique,13,1270,1.02%,11.54
rail portail coulissant 6m,13,875,1.49%,9.54
guide haut portail coulissant,13,845,1.54%,8.71
serrure portail fer forgé,13,773,1.68%,2.27
rail porte coulissante extérieure brico dépôt,13,635,2.05%,7.6
roue de soutien pour portail lourd,13,548,2.37%,9.23
portail pliable,13,454,2.86%,4.22
verrou baïonnette brico dépôt,13,436,2.98%,3.1
portail coulissant pliable,13,393,3.31%,3.79
serrure a encastrer portillon,13,353,3.68%,4.62
locinox gache electrique,13,317,4.1%,3.94
portail autoportant 4 m prix,13,307,4.23%,4.93
charnière pour portail en pente,13,279,4.66%,3.87
portique de guidage portail coulissant,13,105,12.38%,1.13
verrou portail,12,7524,0.16%,6.67
gache portail coulissant,12,3385,0.35%,16.04
locinox ferme porte,12,801,1.5%,4.64
serrure de portillon de jardin,12,800,1.5%,4.06
serrure à crochet portail coulissant,12,771,1.56%,6.65
gond à souder portail lourd,12,695,1.73%,7.9
embout tube carré 40x40,12,653,1.84%,4.42
rail pour porte suspendue,12,511,2.35%,4.23
serrure portail coulissant brico dépôt,12,452,2.65%,7.42
aimant pour portail extérieur,12,435,2.76%,4.93
profilé aluminium pour portail coulissant,12,270,4.44%,4.03
pivot de portail avec régulateur de pente,12,254,4.72%,5.74
portail coulissant 90°,12,166,7.23%,2.09
gonds pour portail lourd,12,151,7.95%,5.44
portail electrique sectionnel,12,122,9.84%,3.7
portail coulissant sectionnel 90,12,113,10.62%,5.25
kit portail autoportant 10m,12,87,13.79%,1.23
roue pour portail coulissant,11,1269,0.87%,10.49
pièces détachées portail coulissant,11,831,1.32%,9.32
rail pour porte coulissante suspendue,11,643,1.71%,8.15
gache electrique locinox,11,502,2.19%,4.6
fabricant portail coulissant sectionnel,11,458,2.4%,2.24
ferme portillon extérieur,11,447,2.46%,3.63
platine acier 150x150,11,363,3.03%,4.08
kit portail autoportant 8m,11,299,3.68%,2.11
gâche portillon brico dépôt,11,271,4.06%,4.65
portail sequentiel coulissant,11,256,4.3%,3.71
herse anti intrusion portail,11,232,4.74%,8.12
fumicube,11,94,11.7%,3.89
portail coulissant angle 90°,11,87,12.64%,2.33
portail coulissant angle 90° prix,11,76,14.47%,2.71
gond a souder,10,3649,0.27%,12.98
portail autoportant,10,3538,0.28%,29.07
serrure de portillon,10,1444,0.69%,5.66
baïonnette portail,10,577,1.73%,2.62
rail portail suspendu,10,534,1.87%,7.35
serrure locinox fiche technique,10,510,1.96%,2.1
pivot portail à souder,10,496,2.02%,12.18
portail telescopique 4m,10,402,2.49%,7.62
came zbx7,10,382,2.62%,6.32
equerre a souder,10,304,3.29%,1.3
kit portail autoportant 3m,10,243,4.12%,2.25
portail sequentiel,10,234,4.27%,3.75
portail pliant motorisé,10,227,4.41%,5.55
poulie à gorge avec roulement,10,174,5.75%,7.51
rail porte coulissante industrielle 3m,10,173,5.78%,2.82
rail coulissant 3m,10,165,6.06%,3.36
portail coulissant 90 degrés prix,10,116,8.62%,1.97
portail télescopique 3 vantaux prix,10,90,11.11%,1.63
portail coulissant telescopique 6m,10,90,11.11%,2.88
gache portillon,9,4138,0.22%,15.1
roue portail coulissant,9,4097,0.22%,5.6
butée portail coulissant,9,1942,0.46%,10.48
cremaillere portail coulissant,9,1655,0.54%,16.04
charnière de portail,9,1236,0.73%,3.92
ferme porte exterieur,9,1186,0.76%,4.81
portail sectionnel motorisé,9,981,0.92%,5.35
gond portail lourd à sceller,9,858,1.05%,9.85
telerupteur 12v,9,854,1.05%,5.51
butée de portail coulissant,9,853,1.06%,10.78
connecteur tube carré 20x20,9,736,1.22%,4.13
bouchon tube carré 40x40,9,628,1.43%,6.89
gond portail lourd à visser,9,563,1.6%,9.15
rail porte coulissante extérieure,9,478,1.88%,8.73
rail inox portail coulissant,9,431,2.09%,7.5
portail coulissant lateral,9,353,2.55%,4.1
rail porte suspendue,9,304,2.96%,9.37
gond sur platine réglable,9,263,3.42%,9.34
fortylock,9,254,3.54%,4.68
rail porte coulissante 6m,9,248,3.63%,5.17
portail pliant 2 vantaux,9,244,3.69%,3.62
chariot 4 galets pour porte coulissante suspendue,9,210,4.29%,3.33
platine 200x200,9,207,4.35%,4.67
portail autoportant 6m prix,9,206,4.37%,7.95
tirant pour mur fissuré brico dépôt,9,200,4.5%,5.75
locinox fortylock,9,198,4.55%,4.35
portail fac,9,184,4.89%,4.24
connecteur tube acier carré,9,180,5%,1.05
bouchon tube carré 50x50 brico dépôt,9,146,6.16%,1.37
pivot remonte pente portail,9,83,10.84%,3.66
on automation,9,67,13.43%,8.21
kit portail coulissant sectionnel,9,49,18.37%,1.06
moteur came portail coulissant,8,5952,0.13%,5.61
targette,8,5636,0.14%,15.12
poignée portail,8,2413,0.33%,11
colonette,8,2366,0.34%,3.86
rail portail,8,1347,0.59%,9.88
moteur portail coulissant came 800 kg,8,1273,0.63%,9.03
kit portail coulissant 4m,8,1176,0.68%,3.48
serrure portail extérieur,8,1163,0.69%,10.22
rail porte coulissante brico dépôt,8,1041,0.77%,8.87
roulette pour portail lourd,8,921,0.87%,4.01
guide portail,8,820,0.98%,6.15
serrure portail métallique,8,722,1.11%,9.39
serrure locinox portail,8,652,1.23%,8.11
charnière portail bois,8,640,1.25%,7.35
palmette portail,8,600,1.33%,6.96
kit rail portail coulissant 6m,8,583,1.37%,10.58
portail coulissant autoportant 4m,8,570,1.4%,12.46
kit complet serrure portail coulissant,8,501,1.6%,10.61
serrure porte de jardin,8,483,1.66%,4.28
charniere portail lourd,8,477,1.68%,10.26
portail coulissant en arrondi,8,457,1.75%,3.2
serrure portillon piscine,8,438,1.83%,7.08
poignée locinox,8,393,2.04%,9.44
serrure de portail en fer,8,360,2.22%,10.41
verrou de sol locinox,8,339,2.36%,4.91
rail porte coulissante suspendue 3m,8,330,2.42%,3.26
rail portail coulissant suspendu,8,309,2.59%,5.39
rail acier galvanisé brico dépôt,8,306,2.61%,7.06
butée fin de course pour portail motorisé,8,304,2.63%,9.35
rail coulissant plafond charge lourde,8,250,3.2%,9.24
locinox venus,8,235,3.4%,4.47
chapeau poteau aluminium 150x150,8,228,3.51%,4.35
poignée à souder,8,215,3.72%,2.67
support tube carré,8,204,3.92%,1.89
gâche portail coulissant brico dépôt,8,203,3.94%,4.08
vis pour rail portail coulissant,8,199,4.02%,3.31
portail sur rail tournant,8,174,4.6%,2.03
gâche électrique locinox,8,173,4.62%,4.14
rail portail autoportant 6m,8,161,4.97%,3.56
portail coulissant sectionnel lapeyre,8,146,5.48%,2.01
vis rail portail coulissant,8,140,5.71%,3.78
catalogue india ferronnerie,8,110,7.27%,3.69
portail coulissant latéral sectionnel,8,105,7.62%,2.92
avis bricometal,8,92,8.7%,2.87
portail coulissant a angle droit,8,63,12.7%,2.37
rail portail coulissant 6m inox,8,44,18.18%,2.82
portail coulissant,7,5005,0.14%,43.43
loquet a ressort,7,3536,0.2%,7.52
moteur portail coulissant came,7,3075,0.23%,9.63
serrure portail coulissant,7,2929,0.24%,19.5
pilastre carré,7,1557,0.45%,5.36
verrou de sol portail,7,1390,0.5%,7.22
rail en u,7,1138,0.62%,8.99
support portail,7,1067,0.66%,2.6
gond portillon,7,1063,0.66%,5.11
rail suspendu,7,952,0.74%,8.23
serrure pompier,7,944,0.74%,2.37
roulette pour portail coulissant lourd,7,889,0.79%,4.68
rail de portail,7,880,0.8%,8.28
poulie a gorge,7,874,0.8%,3.89
charnière pour portail,7,838,0.84%,3.2
raccord tube carré,7,421,1.66%,3.37
serrure portail jardin,7,414,1.69%,3.79
charnières portail,7,387,1.81%,3.49
gond pour portail en pente,7,376,1.86%,6.37
portail arrondi coulissant,7,343,2.04%,3.98
serrure sans poignée extérieure,7,326,2.15%,6.68
ferme porte portillon extérieur,7,317,2.21%,3.35
verrou baionnette pour portail,7,296,2.36%,4.29
gond de portail réglable à visser,7,288,2.43%,14.5
guide portail coulissant haut,7,275,2.55%,8.11
rail portail coulissant 3m50,7,249,2.81%,3.1
accessoires fer forgé,7,228,3.07%,9.65
rail pour porte coulissante 3m,7,226,3.1%,5.8
platine acier 100x100,7,226,3.1%,10.05
cardin elettr s500,7,225,3.11%,4.27
groom locinox,7,221,3.17%,4.62
serrure portillon locinox,7,213,3.29%,5.54
butée de fin de course portail,7,211,3.32%,8.39
rail portail coulissant 16mm,7,203,3.45%,6.11
portail coulissant retractable,7,202,3.47%,7.07
butée de réception portail coulissant,7,201,3.48%,9.86
verrou de sol portail brico dépôt,7,199,3.52%,3.16
carte came zbx7,7,197,3.55%,5.95
serrure encastrable portail exterieur,7,192,3.65%,8.85
fortylock locinox,7,183,3.83%,3.59
vis fixation rail portail coulissant,7,179,3.91%,3.46
anneaux rideaux diamètre 50,7,171,4.09%,6.25
portail autoportant 5m,7,153,4.58%,18.19
charnieres portail lourd,7,147,4.76%,9.69
chariot pour portail autoportant,7,141,4.96%,4.52
portail télescopique 5m,7,138,5.07%,7.37
rail porte coulissante 5 m,7,130,5.38%,8.75
locinox gache,7,127,5.51%,5.55
serrure encastrable portillon exterieur,7,117,5.98%,5.32
equerre portail coulissant,7,115,6.09%,1.23
portail angle droit,7,114,6.14%,3.46
guide supérieur portail coulissant,7,114,6.14%,7.99
demi rond aluminium,7,110,6.36%,1.83
portail coulissant enroulable,7,109,6.42%,3.16
portail coulissant télescopique 4m,7,99,7.07%,5.38
serrure portail tube 40,7,97,7.22%,2.09
serrure piscine locinox,7,96,7.29%,3.73
poulie gorge ronde,7,94,7.45%,3.04
portail coulissant gain de place,7,86,8.14%,5.5
portail sectionnel 6m,7,60,11.67%,4.83
portail autoportant telescopique,7,58,12.07%,3.6
guide de porte coulissante,6,3175,0.19%,3.52
rail de portail coulissant,6,2293,0.26%,12.41
serrure de portail,6,1613,0.37%,13.26
serrure sans poignée,6,1506,0.4%,8.47
fer de lance,6,1350,0.44%,9.39
serrure pour portail coulissant,6,1071,0.56%,13.76
barre inox 3m,6,1056,0.57%,9.95
galet pour portail coulissant lourd,6,990,0.61%,4.69
connecteur tube carré,6,788,0.76%,3.26
boucle magnétique portail,6,741,0.81%,11.39
gâche portillon extérieur,6,708,0.85%,3.72
rail porte coulissante plafond,6,661,0.91%,11.15
serrure portillon de jardin,6,653,0.92%,4.3
serrure piscine,6,608,0.99%,7.04
butée de portail,6,576,1.04%,25.1
crémaillère portail coulissant 4m,6,564,1.06%,8.82
india france,6,543,1.1%,6.1
gond à souder,6,481,1.25%,11.2
gond déporté pour portail en pente,6,446,1.35%,9.3
portail 3 vantaux,6,397,1.51%,6.35
telerupteur 24v,6,389,1.54%,8.39
chariot pour porte coulissante,6,381,1.57%,4.93
serrure locinox portail coulissant,6,365,1.64%,3.99
gond régulateur de pente,6,358,1.68%,9.03
butée de portail 2 battants,6,351,1.71%,9.23
gonds portillon,6,342,1.75%,4.13
ferme-porte ressort pour portillon extérieur,6,341,1.76%,3.65
poignée fer forgé noir,6,286,2.1%,2.14
pivot portail 40x40,6,283,2.12%,9.44
portail gain de place,6,265,2.26%,5.9
gond portail pente,6,260,2.31%,7.33
telecommande.info,6,238,2.52%,4.79
gache reception portail coulissant,6,225,2.67%,7.64
platine 150x150,6,224,2.68%,2.62
platine de guidage portail coulissant,6,221,2.71%,8.83
roulement portail battant,6,220,2.73%,4.94
chapeau poteau 150x150,6,210,2.86%,3.9
brico metal service,6,205,2.93%,5.72
portail coulissant télescopique prix,6,202,2.97%,8.45
locinox lion,6,197,3.05%,5.19
rail porte coulissante extérieure 3m,6,192,3.12%,3.41
portail coulissant tournant à 90,6,168,3.57%,11.67
verrou baïonnette portail brico dépôt,6,164,3.66%,4.13
serrure à code mécanique pour portail battant,6,160,3.75%,9.57
platine ronde acier,6,152,3.95%,10.13
rail de guidage haut portail coulissant,6,149,4.03%,5.5
rail inox coulissant,6,147,4.08%,8.28
serrure électrique 12v portail battant,6,140,4.29%,6.56
notice télécommande cardin s500,6,127,4.72%,4.29
gond portail lourd à souder,6,122,4.92%,8.22
axe a souder,6,120,5%,3.46
portail accordéon motorisé,6,115,5.22%,10.75
bordure défensive,6,113,5.31%,5.39
profilé alu pour portail,6,111,5.41%,7.14
portail autoportant 12m,6,109,5.5%,8.2
pivot portail en pente brico dépôt,6,107,5.61%,2.93
portail ouverture latérale,6,107,5.61%,4.09
portail portefeuille motorisé,6,105,5.71%,9.5
verrou de sol electrique pour portail,6,95,6.32%,6.67
kit rail porte coulissante suspendue 3m,6,94,6.38%,2.07
catalogue india france,6,93,6.45%,6.32
aimant puissant pour portail,6,91,6.59%,4.87
portail coulissant articulé sectionnel,6,73,8.22%,1.41
rail porte coulissante suspendue 5m,6,72,8.33%,7.71
ind.i.a,6,57,10.53%,6.91
portail coulissant a 90°,6,51,11.76%,2.47
portail coulissant sectionnel en courbe prix,6,45,13.33%,6.02
serrure de piscine,6,42,14.29%,3.79
kit radius,6,32,18.75%,21.88
prix portail coulissant sectionnel angle droit,6,22,27.27%,1.36
bouchon tube carré,5,1610,0.31%,6.73
verrou de portail,5,1513,0.33%,7.31
poignée portillon,5,1408,0.36%,8.03
verrou targette,5,1308,0.38%,9.53
pivot portail battant,5,1234,0.41%,4.73
targettes,5,915,0.55%,5.94
kit rail portail coulissant 4m,5,876,0.57%,8.33
locinox portail,5,874,0.57%,7.47
portail coulissant télescopique,5,850,0.59%,12.1
serrure pour portillon de jardin,5,719,0.7%,5.43
embout tube carré,5,562,0.89%,5.78
arret portail coulissant,5,550,0.91%,10.79
poignée en fer forgé,5,532,0.94%,4.24
serrure porte jardin,5,510,0.98%,4.19
gache de portillon,5,497,1.01%,8.05
kit pour portail coulissant sur rail au sol,5,464,1.08%,12.94
fixation portail lourd,5,449,1.11%,7.45
poignée pour portail extérieur,5,437,1.14%,12.96
rail suspendu porte coulissante,5,429,1.17%,8.73
butée centrale portail battant,5,421,1.19%,4.42
ferme-porte extérieur,5,405,1.23%,3.65
rail portail coulissant 10m,5,366,1.37%,6.48
poignée portail fer forgé,5,365,1.37%,4.3
gond de porte réglable,5,356,1.4%,3.43
loquet à ressort automatique,5,345,1.45%,9.08
locinox catalogue,5,339,1.47%,4.13
rail acier porte coulissante,5,311,1.61%,4.61
zbx7,5,297,1.68%,5.21
pivot a souder,5,275,1.82%,4.27
pic portail,5,263,1.9%,2.62
roulement portail,5,259,1.93%,2.79
rivet 8mm,5,258,1.94%,5.19
gonds pour portail en pente,5,254,1.97%,6.54
kit fixation portail en pente,5,252,1.98%,2.27
portail coulissant accordéon,5,243,2.06%,9.43
serrure encastrable portail,5,242,2.07%,9.55
serrure double canon,5,241,2.07%,1.61
motorisation portail autoportant,5,231,2.16%,7.43
serrure de portail coulissant à crochet et barillet,5,229,2.18%,9.92
carte came zn7,5,227,2.2%,9.75
profilé alu pour fabrication portail,5,219,2.28%,7.85
ferronnerie en ligne,5,216,2.31%,7.56
equerre fixation portail,5,213,2.35%,1.85
chariot pour rail coulissant,5,209,2.39%,1.84
fac srl,5,203,2.46%,3.84
connecteur tube carre,5,191,2.62%,3.64
gache portillon jardin,5,189,2.65%,4.5
domateam pièces détachées,5,189,2.65%,8.6
bordure defensive,5,185,2.7%,1.81
verrou baïonnette grande course,5,180,2.78%,3.35
serrure a code locinox,5,180,2.78%,5.29
pivot pour portail lourd,5,178,2.81%,6.92
kit pour portail autoportant,5,177,2.82%,4.68
bague fer forgé,5,176,2.84%,6.57
boucle inductive détection véhicule,5,176,2.84%,8.36
portail coulissant autoportant 6m,5,176,2.84%,8.77
galet portail coulissant diamètre 60,5,172,2.91%,8.69
charnière portail pente,5,162,3.09%,1.75
poulie portail coulissant,5,158,3.16%,4.95
portail coulissant 2 vantaux telescopique,5,155,3.23%,9.75
venus locinox,5,153,3.27%,4.42
serrure à encastrer portail,5,152,3.29%,9.9
prix portail autoportant 4 m,5,148,3.38%,4.18
rail autoportant portail,5,148,3.38%,6.65
bouchon tube carré 60x60,5,146,3.42%,6.73
gabarit de perçage serrure de porte,5,128,3.91%,9.55
portail coulissant pivotant,5,127,3.94%,6.11
ferme porte rhino,5,125,4%,4.1
platine acier 200x200 leroy merlin,5,104,4.81%,4.86
chapeau poteau 200x200,5,102,4.9%,3.82
locinox lakq u2,5,101,4.95%,7.37
penne portail,5,98,5.1%,3.16
poulie à gorge ronde pour câble,5,96,5.21%,4.94
portail coulissant souple,5,95,5.26%,5.42
portail battant pliant,5,92,5.43%,3
roue pivotante portail coulissant,5,87,5.75%,1.02
telecommande cardin s500,5,85,5.88%,2.87
locinox quick fix,5,73,6.85%,8.21
gâche butée portillon,5,70,7.14%,4.99
tarif portail accordéon,5,61,8.2%,2.3
locinox excentro,5,45,11.11%,3.91
prix portail coulissant sectionnel ( angle droit),5,16,31.25%,1.12
locinox 3006p,5,15,33.33%,2.2
verrou de sol,4,2826,0.14%,18.26
verrou de sol portail battant,4,2645,0.15%,17.82
poignée fer forgé,4,1410,0.28%,3.22
poignée de portail,4,1287,0.31%,11.11
poignee portail,4,1097,0.36%,11.71
laser socmel,4,925,0.43%,6.32
rail courbe,4,920,0.43%,3.41
butée de porte extérieure,4,916,0.44%,3.3
ferme portail,4,900,0.44%,10.85
portail retractable,4,785,0.51%,13.59
fixation de portail,4,715,0.56%,3.13
arret de portail,4,642,0.62%,14.83
poignée portillon extérieur,4,641,0.62%,7.63
accessoires pour portail coulissant,4,637,0.63%,7.41
verrou portail coulissant,4,590,0.68%,9.5
fer forgé,4,590,0.68%,36.05
embouts et bouchons,4,585,0.68%,6.58
galet portail,4,568,0.7%,9.93
portail coulissant sectionnel angle,4,567,0.71%,1.85
main courante moulurée,4,555,0.72%,4.07
butée pour portail,4,554,0.72%,7.3
rail pour portail coulissant brico dépôt,4,542,0.74%,8.84
groom portillon,4,538,0.74%,10.36
serrure portail fer,4,521,0.77%,9
equerre portail,4,519,0.77%,1.87
serrure pour portail en fer,4,501,0.8%,10.88
tube carré acier 40x40 3m,4,461,0.87%,10.98
portail arrondi,4,442,0.9%,10.59
cylindre de serrure haute sécurité 5 clés,4,434,0.92%,11.23
bouchon tube carré 50x50,4,430,0.93%,6.91
platine galvanisé,4,425,0.94%,6.99
régulateur de pente portail,4,408,0.98%,11.12
serrure portail locinox,4,402,1%,8.61
fabriquer des gonds pour portail en pente,4,368,1.09%,12.71
gond portail en pente,4,363,1.1%,6.31
olive de guidage diamètre 20,4,348,1.15%,5.81
serrure de portillon extérieur,4,345,1.16%,5.46
serrure à crochet pour portail coulissant,4,343,1.17%,9.72
verrou sol portail,4,342,1.17%,7.21
serrure a code portail,4,315,1.27%,10.77
ferme-porte portillon extérieur,4,312,1.28%,2.4
programmation télécommande cardin s500,4,312,1.28%,4.53
ventouse portillon,4,311,1.29%,1.61
platine ferraille,4,307,1.3%,8.93
ferme portillon locinox,4,297,1.35%,6.13
verrou de sol verrouillable,4,286,1.4%,4.05
piece pour portail coulissant,4,278,1.44%,6.86
tetiere gache electrique,4,262,1.53%,8.47
rail portail coulissant 5m,4,261,1.53%,7.52
connecteur tube carré 40x40,4,256,1.56%,12.85
gâche portail coulissant,4,254,1.57%,13.91
gond regulateur de pente,4,253,1.58%,11.97
portail 3 vantaux pliant,4,250,1.6%,4.97
serrure locinox portail battant,4,225,1.78%,9.88
olive de guidage portail coulissant brico dépôt,4,224,1.79%,4.17
platine galva,4,217,1.84%,9.76
rail coulissant suspendu,4,216,1.85%,7.77
gâche de réception portail coulissant,4,211,1.9%,9.59
cache ecrou m12,4,206,1.94%,10.4
rail portail coulissant inox,4,202,1.98%,7.59
pivots de portail,4,196,2.04%,5.31
kit rail portail coulissant suspendu,4,193,2.07%,8.74
roue de compensation pour portail lourd,4,190,2.11%,3.25
tirefond de 10 avec cheville,4,188,2.13%,3.86
portail coulissant telescopique 4m,4,187,2.14%,9.38
portail autoportant 5m prix,4,185,2.16%,10.61
kit portail coulissant 8m,4,183,2.19%,7.83
poignée portail extérieur,4,178,2.25%,16.93
pivot à bille pour portail lourd,4,177,2.26%,3.93
serrure jardin,4,177,2.26%,5.54
pic pour portail,4,174,2.3%,3.02
verrou baïonnette porte de garage,4,170,2.35%,3.9
targette pour portail,4,163,2.45%,2.67
serrure fortylock,4,158,2.53%,3.75
ferme porte pour portillon exterieur,4,158,2.53%,6.78
portail autoportant 8m,4,156,2.56%,5.21
télérupteur 12v automobile,4,156,2.56%,6.7
groom exterieur portillon,4,148,2.7%,7.4
carte zbx7,4,142,2.82%,3.82
pivot a bille,4,139,2.88%,3.16
portail sectionel,4,132,3.03%,4.95
locinox verrou de sol,4,132,3.03%,5.48
pivot de portail lourd,4,132,3.03%,6.87
locinox serrure portillon,4,131,3.05%,6.81
serrure electrique locinox,4,130,3.08%,5.54
rail 3m porte coulissante,4,128,3.12%,4.4
serrure portail coulissant locinox,4,128,3.12%,5.1
rail a visser portail coulissant,4,128,3.12%,5.66
herse anti-intrusion portail,4,127,3.15%,7.98
rail coulissant extérieur 5m,4,122,3.28%,10.43
barre palpeuse came sans fil,4,119,3.36%,5.38
portail coulissant plusieurs vantaux,4,117,3.42%,7.51
serrure encastrable sans poignée,4,116,3.45%,4.98
arrêt de portail automatique,4,115,3.48%,11.16
portail articulé accordéon portefeuille,4,113,3.54%,9.96
portail telescopique 2 vantaux,4,111,3.6%,9.77
portail autoporté 6m,4,109,3.67%,7.87
rail de porte coulissante suspendue,4,109,3.67%,9.5
verrou de sol pour portail,4,106,3.77%,10.72
portail articulé à vantaux repliables,4,105,3.81%,18.9
serrure industrielle,4,104,3.85%,2.63
kit rail portail autoportant,4,103,3.88%,4.59
kit porte coulissante 3m,4,103,3.88%,4.9
prix portail sectionnel coulissant,4,98,4.08%,2.06
india ferronnerie,4,98,4.08%,5.15
serrure encastrable pour portillon,4,91,4.4%,8.12
fermeture à bascule portail,4,90,4.44%,8.63
serrure portillon fer forgé,4,88,4.55%,2.45
rail porte industrielle,4,88,4.55%,6.39
serrure à larder portail exterieur,4,85,4.71%,5.67
gond ouverture portail 180°,4,82,4.88%,6.6
tampon amortisseur portail,4,78,5.13%,9.41
portail coulissant télescopique 4 vantaux,4,75,5.33%,10.61
portail pliant juga,4,74,5.41%,4.03
portail coulissant virage,4,73,5.48%,5.29
locinox lakq,4,65,6.15%,4.88
carte came quadro comando za3,4,65,6.15%,8.98
rail pour porte coulissante industrielle,4,64,6.25%,5.67
feux bicolore signalisation,4,62,6.45%,7.13
portail coulissant 6m autoportant,4,62,6.45%,8.87
rail porte suspendue plafond,4,60,6.67%,5.92
equerre acier a souder,4,57,7.02%,1.35
serrure de portail locinox,4,54,7.41%,8.46
portails sectionnels,4,51,7.84%,1.78
gond de portail lourd,4,51,7.84%,4.33
portail electrique coulissant sectionnel,4,48,8.33%,14.42
poignée de porte fer forgé,4,46,8.7%,34.7
portail sectionnel coulissant motorisé,4,43,9.3%,4.02
icsa serrure,4,39,10.26%,2.46
fac radius,4,35,11.43%,5.14
kit radius fac,4,31,12.9%,4.06
locinox suby,4,31,12.9%,4.06
portail coulissant d angle,4,23,17.39%,1.39
portail coulissant angle portail sectionnel lateral,4,15,26.67%,2.53
bricometal locinox,4,8,50%,1
sofradef,3,4842,0.06%,6.92
probip,3,4525,0.07%,4.55
verrou baionnette,3,3475,0.09%,11.83
patte de fixation portail,3,2852,0.11%,9.59
barillet portail,3,2576,0.12%,17.3
volutes,3,2142,0.14%,8.55
raille porte coulissante,3,2133,0.14%,3.55
galet portail coulissant,3,1800,0.17%,8.24
boulon à oeil,3,1646,0.18%,4.2
rail inox,3,1644,0.18%,3.27
boulon a oeil,3,1489,0.2%,4.89
portail télescopique,3,1219,0.25%,12.82
gond porte,3,1041,0.29%,5.05
gond porte lourde bois,3,959,0.31%,3.09
rail autoportant,3,889,0.34%,6.37
support tube rond,3,757,0.4%,2.46
roue pour portail lourd,3,737,0.41%,4.25
cache cylindre,3,693,0.43%,6.53
sabot de sol,3,635,0.47%,3.24
verrou a baïonnette,3,634,0.47%,3.48
antenne 433mhz,3,543,0.55%,9.28
elettrocanali,3,528,0.57%,7.51
ferme porte portillon,3,498,0.6%,8.2
rail porte suspendu,3,455,0.66%,9.65
chariot porte coulissante suspendue,3,433,0.69%,2.5
butee de portail au sol,3,430,0.7%,4.52
rail cintré,3,413,0.73%,8.97
fixation tube carré,3,411,0.73%,3.11
butee portail coulissant,3,405,0.74%,12.1
roue portail,3,404,0.74%,12.69
charnière à visser,3,400,0.75%,3.19
chapeau poteau bois 150x150,3,389,0.77%,8.88
cache scellement,3,387,0.78%,11.33
portail en pente,3,387,0.78%,26.07
charniere de portail,3,385,0.78%,4.18
tampon amortisseur caoutchouc,3,383,0.78%,15.22
rail galvanisé 6m,3,370,0.81%,7.5
came za3,3,356,0.84%,12.34
butee portail,3,348,0.86%,11.2
serrure portillon encastrable,3,341,0.88%,10.94
roulette portail sectionnel,3,340,0.88%,10.28
connecteur tube carré 30x30,3,338,0.89%,6.36
guidage pour portail coulissant,3,327,0.92%,9.31
butée portail coulissant motorisé,3,325,0.92%,8.76
crapaudine portail lourd,3,323,0.93%,14.19
galet inox,3,322,0.93%,4.02
pivot remonte-pente pour portail battant,3,321,0.93%,8.95
portail 10m,3,311,0.96%,7.76
gond a souder portail,3,311,0.96%,10.86
butée pour portail coulissant,3,306,0.98%,12.25
chariot à galet pour rail,3,304,0.99%,2.93
serrure triangle pompier,3,302,0.99%,3.32
profil de réception portail coulissant,3,300,1%,8.73
portail angles,3,292,1.03%,4.77
serrures portail,3,292,1.03%,12.5
aimant portail,3,290,1.03%,8.45
carte came zm3e,3,278,1.08%,13.36
patte fixation portail,3,272,1.1%,8.36
poignée serrure portail,3,264,1.14%,7.2
gond de porte lourde réglable,3,263,1.14%,5.51
pile 12v telecommande,3,263,1.14%,10.34
verrou baillonette,3,261,1.15%,4.91
barre torsadé,3,257,1.17%,5.26
gond de portillon,3,246,1.22%,2.65
motif décoratif simple,3,239,1.26%,10.48
antenne 433 mhz longue portée,3,238,1.26%,8.88
gonds a souder,3,234,1.28%,10.03
télécommande came top862ee,3,234,1.28%,34.74
tige portail,3,232,1.29%,3.12
locinox serrure portail,3,232,1.29%,7.64
serrure carré pompier,3,229,1.31%,1.1
rosace acier,3,228,1.32%,4.48
rail galva,3,226,1.33%,6.13
groom portail exterieur,3,223,1.35%,3.37
platine charpente métallique,3,221,1.36%,10.64
accesso ferm,3,218,1.38%,8.75
verin de porte d'entrée,3,216,1.39%,1.55
raccord tube carre,3,211,1.42%,4.51
serrure portail encastrable,3,211,1.42%,10.65
u galvanisé,3,210,1.43%,2.56
serrure locinox portail extérieur,3,209,1.44%,8.13
guide de portail,3,207,1.45%,5.79
serrure portail ancien,3,204,1.47%,1.16
rail pour portail suspendu,3,200,1.5%,8.73
vérin à vis manuel,3,197,1.52%,11.49
verin vis sans fin,3,193,1.55%,10.58
serrure pour porte en fer forgé,3,189,1.59%,4.63
charniere reglable pour portail,3,187,1.6%,10.67
serrure pour portail métallique,3,186,1.61%,6.48
ferme porte exterieur portillon,3,182,1.65%,4.56
targette de portail,3,179,1.68%,2.16
serrure à crochet portail coulissant brico dépôt,3,178,1.69%,3.76
gond de portail réglable sur platine à visser,3,177,1.69%,6.2
clé triangle 11 mm,3,177,1.69%,10.56
henri veyrier,3,170,1.76%,2.38
gond tige filetée,3,170,1.76%,3.75
fer plat 2m,3,170,1.76%,8.68
ferme portail hydraulique,3,168,1.79%,5.89
moteur portail coulissant autoportant,3,167,1.8%,6.78
ampoule feu clignotant portail 230v came,3,165,1.82%,10.78
portail 3 vantaux portefeuille,3,164,1.83%,7.33
pieces portail coulissant,3,164,1.83%,11.57
locinox rhino,3,162,1.85%,4.54
gond de portail a souder,3,162,1.85%,10.86
platine à visser,3,160,1.88%,6.11
charniere portail bois lourd,3,160,1.88%,7.68
top862ee,3,159,1.89%,6.96
pivot inox,3,158,1.9%,3.25
clé triangle 11mm,3,158,1.9%,10.6
plaque de guidage,3,157,1.91%,2.13
grappe de raisin fer forgé,3,154,1.95%,1.46
gonds portail lourd,3,152,1.97%,6.85
roulette a souder,3,150,2%,3.38
porte coulissante télescopique 3 vantaux,3,150,2%,7.89
vimar france,3,148,2.03%,10.7
pivot haut portail,3,147,2.04%,8.45
anti intrusion portail,3,147,2.04%,8.94
gond régulateur de pente portail alu,3,145,2.07%,6.03
portail séquentiel,3,144,2.08%,6.34
accessoires portail fer forgé,3,144,2.08%,9.79
poteau de guidage portail coulissant,3,142,2.11%,12.06
rail pour porte coulissante extérieure,3,140,2.14%,12.42
portail coulissant téléscopique,3,137,2.19%,12.82
serrure a souder,3,136,2.21%,10.98
paumelle à souder 140 mm,3,133,2.26%,8.51
charnières portail exterieur,3,131,2.29%,8.96
fixation quick fix,3,130,2.31%,4.49
portail coulissant escamotable,3,130,2.31%,9.28
verrou baïonnette 1500 mm,3,129,2.33%,4.33
butée de fin de course pour portail coulissant,3,128,2.34%,9.62
clé demontage serrure locinox,3,126,2.38%,3.03
bride de guidage portail coulissant,3,126,2.38%,11.75
piece de ferronnerie,3,125,2.4%,8.05
butée magnétique portail,3,124,2.42%,5.34
crémone encastrée,3,123,2.44%,2.26
verrou de sol portail électrique,3,120,2.5%,3.72
verrou a ressort,3,118,2.54%,24.63
platine acier ronde,3,117,2.56%,6.81
verrou automatique portail,3,117,2.56%,9.13
réception portail coulissant,3,117,2.56%,10.88
pivot portail a souder,3,115,2.61%,18.15
came quadro comando za3,3,113,2.65%,9.74
portail coulissant télescopique 5m,3,111,2.7%,11.51
portail pliant 3 vantaux,3,110,2.73%,5.03
fixation tube rond acier 50 mm,3,110,2.73%,8.35
pivot de portail a souder,3,110,2.73%,9.22
systeme portail coulissant autoportant,3,109,2.75%,4.73
fourniture ferronnerie,3,106,2.83%,8.42
tige pour portail,3,105,2.86%,3.19
fermeture pour portail coulissant,3,104,2.88%,9.96
portail en angle,3,103,2.91%,1.34
gabarit de pose ferme-porte hydraulique,3,102,2.94%,2.49
ferrure portail lourd,3,101,2.97%,10.4
gache electrique portillon locinox,3,100,3%,4.17
systeme portail autoportant,3,100,3%,5.19
paumelle ferme porte,3,99,3.03%,3
portail coulissant multi vantaux,3,98,3.06%,7.68
portail coulissant flexible,3,98,3.06%,9.11
rosace portail,3,96,3.12%,19
boucle de détection portail,3,95,3.16%,9.31
cercle en fer plat,3,93,3.23%,7.78
plaque acier 200x200,3,92,3.26%,3.03
clé de tirant facade,3,90,3.33%,8.22
ferme porte 180°,3,89,3.37%,5.17
butées de portails intégrées dans le moteur,3,87,3.45%,7.9
portail coulissant sectionnel à angle,3,84,3.57%,3.11
portail pliant accordeon,3,84,3.57%,9.04
boule aluminium,3,84,3.57%,10.37
cartouche scellement chimique,3,83,3.61%,15.08
changer pile télécommande cardin s500,3,82,3.66%,3.35
gache electrique,3,77,3.9%,18.99
destockage portail,3,76,3.95%,19.7
portail telescopique 3 vantaux,3,75,4%,4.85
bande palpeuse portail,3,75,4%,10.37
portail courbe,3,73,4.11%,2.44
feuille de vigne fer forgé,3,71,4.23%,5.96
tendeur câble acier brico dépôt,3,71,4.23%,10.54
pic de portail,3,70,4.29%,1.76
badge intratone,3,67,4.48%,35.25
locinox keydrop,3,63,4.76%,3.4
portail pliant prix,3,62,4.84%,5.56
serrure encastrable exterieur,3,62,4.84%,10.61
chapeau de cheminée 60 x 40,3,60,5%,5.87
systeme de fermeture pour portail coulissant,3,60,5%,9.27
kit portail télescopique 3 vantaux,3,58,5.17%,1.71
portail souple coulissant,3,57,5.26%,5.39
lskz,3,57,5.26%,6.91
arrêt de porte à bascule,3,56,5.36%,10.27
quick fix locinox,3,54,5.56%,2.39
tube arceau,3,52,5.77%,12.38
pivot portail bois,3,51,5.88%,8.84
serrure encastree portail,3,50,6%,8.38
rail coulissant courbe,3,47,6.38%,2.91
portail sur rail courbe,3,47,6.38%,5.02
pivot a roulement,3,46,6.52%,3.74
gond portail tige filetée,3,46,6.52%,5.91
rail porte coulissante industrielle 6m,3,44,6.82%,3.45
équerre portail,3,44,6.82%,3.84
portail coulissant sur rail courbe,3,43,6.98%,2.42
portail télescopique 4m,3,43,6.98%,6.44
serrure pour portail fer forgé,3,42,7.14%,5.69
sixtylock,3,40,7.5%,2.15
clé démontage serrure locinox,3,39,7.69%,1.95
gond reglable porte d'entrée,3,37,8.11%,1
icsa srl,3,37,8.11%,4.68
portail sectionnel prix,3,37,8.11%,23.68
bouchon tube carré 30x30 brico dépôt,3,33,9.09%,1.85
locinox vita,3,31,9.68%,6.19
plaque de guidage pour portail coulissant,3,26,11.54%,4.23
emporio-elettrico,3,24,12.5%,8.58
gond pour portail en pente lourd,3,22,13.64%,1.59
plaque guidage portail coulissant,3,22,13.64%,4.27
portail coulissant en biais,3,20,15%,14.8
gond portail réglable,3,18,16.67%,14.33
eutech electronics,3,18,16.67%,18.56
kit portail pliant,3,12,25%,1.17
butée de portillon exterieur,3,11,27.27%,19.55
telecommande came top862ee,3,10,30%,8.9
bordure defensive portail,3,8,37.5%,2.38
fac radius kit,3,6,50%,11.67
serrure électrique portillon,3,5,60%,10.4
paumelle,2,7717,0.03%,9.23
farnell,2,7512,0.03%,9.2
paumelles porte,2,5117,0.04%,4.55
serrure double cylindre,2,3811,0.05%,5.46
armoire de commande,2,3301,0.06%,14.21
guide pour porte coulissante,2,3236,0.06%,4.62
pigne,2,2403,0.08%,7.71
platine acier,2,1504,0.13%,11.42
roulette de portail coulissant,2,1012,0.2%,6.09
portail coulissant sans rail,2,977,0.2%,12.66
accessoires portail coulissant,2,908,0.22%,12.97
rail portail coulissant 4m,2,858,0.23%,7.86
fixation en u,2,793,0.25%,4.1
roulette pour portail coulissant,2,791,0.25%,10.17
serrure de portail extérieur,2,774,0.26%,10.92
fermeture portail coulissant,2,769,0.26%,9.51
roulette pour porte coulissante lourde,2,758,0.26%,3.01
gonds portail,2,755,0.26%,11.4
kit pour faire un portail coulissant,2,741,0.27%,9.32
guidage porte coulissante,2,734,0.27%,2.9
portail sur rail,2,733,0.27%,13.48
moteur portail came coulissant,2,688,0.29%,9.42
cylindre pompier,2,655,0.31%,4.14
kit pour portail coulissant,2,582,0.34%,5.86
écrou auto cassant,2,577,0.35%,15.43
portail télescopique coulissant,2,538,0.37%,11.14
rail u,2,535,0.37%,4.26
ferme portillon,2,527,0.38%,15.99
crémaillère pour portail coulissant,2,521,0.38%,11.21
gond de portail,2,517,0.39%,17.12
pivot portail lourd à souder,2,514,0.39%,5.32
moteur portail coulissant came 400 kg,2,482,0.41%,12.04
serrure exterieur portillon,2,477,0.42%,4.23
gache electrique portillon,2,471,0.42%,28.37
porte enseigne,2,470,0.43%,5.03
pince pour tube rond,2,459,0.44%,9.05
fixation sur tube rond,2,452,0.44%,4.94
boulon à œil,2,446,0.45%,5.17
serrure portail extérieur avec poignée,2,443,0.45%,8.64
verrou portail extérieur,2,437,0.46%,9.92
chariot coulissant sur rail,2,426,0.47%,2.53
feu bicolore,2,418,0.48%,12.67
fermeture portillon extérieur,2,415,0.48%,6.01
targette à ressort,2,406,0.49%,3.06
paumelle a visser,2,406,0.49%,4.05
loquet inox,2,398,0.5%,6.25
rail coulissant,2,379,0.53%,12.88
tube taraudé,2,371,0.54%,1.54
poignee de portail,2,366,0.55%,10.37
fermeture portillon,2,360,0.56%,13.95
fournisseur profilé aluminium pour portail,2,357,0.56%,14.47
charnière 180 degrés,2,346,0.58%,6.19
serrure à code pour portillon extérieur,2,341,0.59%,13.93
chapeau carré,2,339,0.59%,1.73
poignée portillon extérieur avec serrure,2,335,0.6%,2.27
poignet portail,2,335,0.6%,10.48
galet guide portail coulissant,2,333,0.6%,5.87
charniere portail bois,2,313,0.64%,6.34
butée magnétique,2,307,0.65%,3.7
gond inox,2,305,0.66%,5.07
olive guidage portail coulissant,2,302,0.66%,7.25
pièce détachée portail coulissant,2,302,0.66%,8.77
tampon caoutchouc amortisseur,2,302,0.66%,22.65
verrou a souder,2,294,0.68%,13.65
carte zm3e,2,293,0.68%,11.5
poignée portail fer,2,290,0.69%,8.64
patte de fixation portail battant,2,290,0.69%,11.97
rail de guidage haut pour portail coulissant,2,287,0.7%,4.47
verrou baïonnette portail battant,2,287,0.7%,6.88
portail 8m,2,280,0.71%,9.75
fixation tube,2,273,0.73%,4.93
equerre de guidage portail coulissant,2,271,0.74%,11.23
locinox portillon,2,257,0.78%,8.92
antenne 433 mhz,2,255,0.78%,12.36
chapeau poteau bois 200x200,2,253,0.79%,6.1
came zm3e,2,253,0.79%,12.01
chariot rail coulissant,2,249,0.8%,1.8
chariot à galet porte de garage,2,247,0.81%,11.95
roulement pivot,2,245,0.82%,2.98
profil de reception portail coulissant,2,244,0.82%,9.3
rivet diamètre 8 mm,2,243,0.82%,7.47
portail sur rail coulissant,2,242,0.83%,11.42
portail ouverture portefeuille,2,238,0.84%,10.1
verrou locinox,2,236,0.85%,5.15
galet de portail,2,235,0.85%,8.22
moteur pour portail coulissant came,2,234,0.85%,11.56
accessoires ferronnerie portail,2,231,0.87%,8.1
profilé galvanisé en u,2,230,0.87%,4.03
rail cloison coulissante,2,230,0.87%,16.14
tube inox 3m,2,225,0.89%,7.77
charnière pour portillon,2,222,0.9%,10.07
centrale alarme filaire,2,220,0.91%,53.25
montant aluminium pour portail,2,219,0.91%,10.32
vis portail,2,216,0.93%,5.88
electrozinguage,2,216,0.93%,6.86
longueur antenne 433mhz,2,211,0.95%,9.47
télérupteur 24v,2,203,0.99%,11.67
galet pour porte coulissante suspendue extérieur,2,202,0.99%,3.71
pivot bas portail,2,201,1%,4.73
bouchon tube rectangulaire 50x30,2,195,1.03%,6.88
support inclinable,2,193,1.04%,1.18
serrure pour portail en fer forgé,2,192,1.04%,2.14
fermeture portillon jardin,2,192,1.04%,5.94